id,steps,BMI,sex
1,0,35.0,male
2,522,21.0,male
3,1430,32.0,male
4,1906,33.6,male
5,2171,30.2,male
6,2296,27.2,male
7,2516,28.0,male
8,2614,28.4,male
9,2667,27.5,male
10,2784,28.7,male
11,2646,28.1,male
12,2708,27.8,male
13,2672,28.4,male
14,2709,29.1,male
15,2717,27.5,male
16,2737,27.7,male
17,2755,27.2,male
18,2712,27.4,male
19,2733,28.2,male
20,2731,24.8,male
21,2847,29.1,female
22,2750,27.8,male
23,2747,28.6,male
24,2759,27.3,male
25,2719,27.0,male
26,2774,28.7,male
27,2764,28.6,male
28,2773,28.8,male
29,2819,27.0,female
30,2766,28.5,male
31,2792,28.9,male
32,2913,27.2,female
33,2780,27.7,male
34,2926,26.4,female
35,2876,33.6,male
36,2858,27.1,female
37,2853,26.7,female
38,2960,29.5,female
39,2967,27.5,female
40,2970,26.8,female
41,2910,29.3,male
42,2937,27.1,female
43,2908,29.5,female
44,3003,26.7,male
45,3071,28.8,female
46,3055,29.2,female
47,3106,26.3,male
48,3027,29.1,female
49,3076,26.4,female
50,3043,26.1,female
51,3049,26.5,female
52,3104,29.6,female
53,3062,29.7,female
54,3188,29.9,female
55,3207,29.6,female
56,3179,25.6,male
57,3198,31.1,female
58,3140,26.4,female
59,3151,34.4,male
60,3275,30.4,female
61,3207,28.6,male
62,3208,26.2,female
63,3147,25.7,female
64,3218,26.3,male
65,3299,29.9,female
66,3269,29.6,female
67,3345,25.8,female
68,3311,26.1,female
69,3432,33.2,male
70,3387,26.4,female
71,3410,26.0,female
72,3428,37.1,female
73,3493,26.9,female
74,3451,30.1,female
75,3556,26.2,female
76,3522,26.0,female
77,3466,30.0,female
78,3543,25.9,female
79,3407,35.6,male
80,3456,25.9,male
81,3606,23.3,female
82,3544,26.0,male
83,3612,30.2,female
84,3642,25.9,female
85,3668,25.7,male
86,3724,25.6,female
87,3689,26.1,male
88,3808,25.8,female
89,3735,34.8,female
90,3637,30.1,female
91,3678,26.0,female
92,3786,26.1,female
93,3762,30.0,female
94,3868,33.5,female
95,3821,25.6,male
96,3875,25.5,female
97,3829,24.3,female
98,3856,30.3,female
99,3967,29.8,female
100,3811,25.7,female
101,3857,25.9,female
102,3909,25.7,female
103,3963,30.3,female
104,3876,30.3,female
105,3866,30.3,female
106,3891,25.9,female
107,3888,30.1,female
108,3852,25.9,female
109,3950,25.7,female
110,3921,30.2,female
111,4160,28.7,male
112,4015,25.7,female
113,3922,30.3,female
114,4066,25.8,female
115,3987,30.0,female
116,4045,29.0,female
117,4017,25.6,male
118,4135,32.1,male
119,4054,29.9,male
120,4100,29.0,male
121,4135,28.8,female
122,4058,25.5,female
123,4057,29.4,female
124,4044,30.3,female
125,4099,27.9,female
126,4166,28.4,female
127,4043,29.2,female
128,4123,25.8,female
129,4103,30.6,female
130,4132,28.2,male
131,4185,28.0,female
132,4214,30.0,female
133,4175,28.2,female
134,4201,28.1,female
135,4200,28.4,female
136,4209,26.0,female
137,4165,27.8,male
138,4199,28.5,female
139,4165,28.5,female
140,4246,25.5,male
141,4228,27.9,female
142,4308,16.9,female
143,4195,28.6,female
144,4264,30.4,female
145,4267,30.3,female
146,4184,29.5,male
147,4207,27.7,male
148,4260,28.4,female
149,4301,28.2,female
150,4200,28.9,female
151,4207,30.3,male
152,4219,27.5,male
153,4292,30.0,female
154,4229,25.6,female
155,4234,27.3,female
156,4200,30.2,female
157,4262,25.6,female
158,4263,30.3,female
159,4266,29.6,female
160,4282,29.0,female
161,4238,27.3,female
162,4318,29.2,female
163,4261,29.7,male
164,4274,27.8,male
165,4291,27.1,female
166,4226,29.3,female
167,4236,25.9,male
168,4300,30.6,male
169,4310,29.7,male
170,4287,29.7,female
171,4214,27.3,female
172,4325,27.0,male
173,4316,30.5,male
174,4242,27.4,male
175,4230,27.8,female
176,4252,30.2,female
177,4327,28.1,female
178,4335,27.1,female
179,4378,27.3,female
180,4318,29.7,female
181,4272,29.4,female
182,4442,25.9,female
183,4350,26.9,male
184,4395,30.9,female
185,4410,31.4,female
186,4511,26.3,female
187,4426,26.5,female
188,4368,25.9,female
189,4346,26.8,male
190,4432,31.1,female
191,4306,27.6,female
192,4404,26.7,female
193,4452,27.2,female
194,4324,27.6,female
195,4523,30.3,female
196,4432,31.0,male
197,4458,25.9,female
198,4397,29.2,female
199,4428,30.7,female
200,4502,25.7,female
201,4481,26.4,male
202,4508,25.4,female
203,4408,26.6,female
204,4397,30.3,female
205,4505,30.3,male
206,4549,31.7,female
207,4432,29.4,female
208,4523,25.9,female
209,4543,26.1,male
210,4448,30.2,male
211,4506,30.9,female
212,4541,31.6,female
213,4372,29.9,female
214,4452,30.0,female
215,4519,30.1,female
216,4528,25.9,female
217,4571,26.2,female
218,4549,27.5,female
219,4588,26.3,female
220,4588,25.9,female
221,4549,26.2,male
222,4606,30.3,male
223,4498,27.9,female
224,4683,25.7,female
225,4616,26.7,female
226,4539,31.2,female
227,4498,26.8,male
228,4563,31.2,male
229,4652,25.8,female
230,4614,26.1,female
231,4730,26.0,female
232,4588,31.3,male
233,4640,31.7,female
234,4654,29.9,female
235,4586,25.9,male
236,4582,30.4,female
237,4657,25.5,female
238,4705,26.1,female
239,4710,26.0,male
240,4601,26.2,female
241,4655,25.9,male
242,4585,26.0,male
243,4721,30.2,female
244,4753,31.5,female
245,4679,31.5,female
246,4750,34.9,male
247,4625,30.2,male
248,4646,31.4,male
249,4831,29.9,female
250,4782,33.8,male
251,4790,25.5,female
252,4761,29.9,female
253,4820,25.3,male
254,4766,30.3,male
255,4734,34.3,male
256,4775,34.5,female
257,4768,25.5,female
258,4658,26.0,female
259,4734,28.3,female
260,4821,34.2,female
261,4739,31.9,female
262,4662,26.3,male
263,4770,26.3,female
264,4803,25.3,female
265,4791,29.8,male
266,4774,30.1,female
267,4877,29.2,male
268,4787,29.7,female
269,4752,25.3,male
270,4825,29.8,female
271,4803,25.0,female
272,4860,32.6,female
273,4796,25.5,female
274,4827,25.0,female
275,4732,34.8,female
276,4701,25.8,female
277,4778,26.0,female
278,4770,29.3,female
279,4766,25.6,female
280,4885,35.1,male
281,4820,33.9,female
282,4795,34.5,male
283,4841,25.3,male
284,4870,26.1,male
285,4780,34.7,female
286,4887,34.2,male
287,4885,33.7,female
288,4862,29.7,female
289,4918,25.7,female
290,4944,25.4,female
291,4928,25.4,male
292,4906,31.8,female
293,4976,25.7,female
294,4946,29.1,male
295,4918,29.9,female
296,4863,31.7,male
297,4896,27.2,female
298,4897,26.6,female
299,4977,25.1,female
300,4962,26.3,female
301,4897,34.1,female
302,4914,37.8,male
303,4999,32.3,female
304,5028,29.3,female
305,5009,35.4,female
306,4932,26.4,male
307,5041,29.2,male
308,4956,33.7,female
309,4903,26.6,female
310,5038,24.8,female
311,4939,25.0,male
312,4913,32.0,female
313,4960,32.2,female
314,5036,24.8,female
315,5009,25.1,female
316,4977,26.4,female
317,5032,33.0,female
318,4951,25.0,female
319,5024,35.2,female
320,4970,34.9,female
321,5009,33.6,female
322,5006,24.7,female
323,4893,26.6,female
324,5012,25.4,female
325,4900,26.4,female
326,4965,35.2,female
327,5052,34.7,female
328,5081,27.0,male
329,5040,32.3,male
330,4932,35.0,male
331,4960,26.3,male
332,5067,24.7,female
333,5128,25.4,male
334,5044,29.3,female
335,5066,34.2,female
336,5059,26.3,male
337,5095,35.6,female
338,5019,25.0,female
339,5141,35.5,female
340,5157,25.1,male
341,5084,32.5,female
342,5040,32.7,female
343,5094,35.7,female
344,5084,29.0,female
345,5090,35.7,male
346,5199,29.6,female
347,5072,29.6,male
348,5094,29.5,male
349,5103,25.5,male
350,5169,33.3,female
351,5107,32.2,female
352,5186,35.6,female
353,5128,26.8,female
354,5116,27.1,female
355,5175,33.4,female
356,5205,32.6,female
357,5130,32.4,male
358,5254,24.7,female
359,5228,29.1,male
360,5064,27.0,female
361,5077,26.6,female
362,5107,27.2,female
363,5260,28.8,female
364,5273,32.6,female
365,5176,32.8,female
366,5238,28.9,male
367,5229,32.7,female
368,5153,26.8,female
369,5141,29.3,female
370,5219,24.4,male
371,5160,33.7,female
372,5142,32.3,male
373,5232,29.3,female
374,5201,33.1,female
375,5198,27.0,male
376,5268,35.5,female
377,5200,29.6,female
378,5150,35.0,male
379,5258,32.8,female
380,5292,27.6,female
381,5272,28.1,male
382,5264,24.9,female
383,5231,25.0,female
384,5258,33.3,male
385,5301,29.2,female
386,5217,29.1,female
387,5279,28.2,male
388,5203,27.1,female
389,5167,26.4,female
390,5261,32.7,female
391,5267,33.5,female
392,5232,28.8,female
393,5280,28.7,female
394,5304,27.4,male
395,5204,29.2,female
396,5265,33.2,female
397,5320,25.2,female
398,5394,35.9,male
399,5249,32.3,male
400,5304,27.3,female
401,5317,29.2,female
402,5289,28.3,female
403,5295,34.0,male
404,5355,28.7,female
405,5310,27.4,male
406,5322,33.1,female
407,5341,24.6,male
408,5326,26.7,male
409,5358,32.9,female
410,5409,27.6,male
411,5356,28.0,female
412,5352,24.6,female
413,5273,33.2,female
414,5306,35.7,female
415,5234,32.7,female
416,5368,27.3,female
417,5373,24.4,female
418,5314,34.8,female
419,5421,33.2,female
420,5447,28.4,female
421,5405,27.6,female
422,5445,24.3,female
423,5348,35.6,female
424,5337,24.6,female
425,5324,35.8,female
426,5352,28.2,female
427,5411,27.6,male
428,5436,35.7,male
429,5395,33.0,female
430,5409,32.7,female
431,5452,24.1,male
432,5475,28.5,male
433,5446,24.5,female
434,5430,24.1,female
435,5415,33.4,female
436,5380,24.9,female
437,5414,33.3,female
438,5381,28.3,female
439,5454,35.9,male
440,5466,19.7,male
441,5472,35.7,female
442,5497,15.9,female
443,5396,28.5,male
444,5383,33.0,male
445,5329,35.4,female
446,5475,36.0,male
447,5437,33.0,male
448,5622,33.6,female
449,5548,35.6,female
450,5454,33.3,female
451,5525,33.2,male
452,5471,33.3,male
453,5599,33.2,male
454,5514,33.1,female
455,5521,24.3,male
456,5572,33.2,female
457,5598,33.1,male
458,5623,33.2,female
459,5617,24.2,female
460,5602,24.3,male
461,5626,24.3,female
462,5655,24.7,female
463,5664,24.1,male
464,5761,23.8,female
465,5627,24.2,female
466,5693,33.3,female
467,5627,33.0,male
468,5747,24.0,female
469,5621,33.4,female
470,5752,24.2,female
471,5692,31.9,female
472,5619,35.9,female
473,5761,33.2,female
474,5708,23.7,female
475,5794,24.0,female
476,5678,33.0,male
477,5726,24.2,female
478,5832,35.2,female
479,5826,21.4,female
480,5822,23.9,male
481,5871,35.8,female
482,5739,22.8,male
483,5873,24.3,female
484,5864,33.6,male
485,5791,35.7,female
486,5802,33.3,female
487,5749,33.1,male
488,5797,33.4,female
489,5866,23.8,male
490,5863,33.4,female
491,5796,33.5,female
492,5768,33.4,male
493,5839,23.8,female
494,5827,23.7,female
495,5853,35.5,female
496,5942,23.4,male
497,5942,35.4,female
498,5854,33.3,female
499,5905,35.6,male
500,5871,24.4,female
501,5972,30.0,female
502,5932,33.7,male
503,5926,24.4,male
504,5945,23.7,female
505,5941,23.5,female
506,6068,35.4,female
507,5876,33.4,male
508,5971,35.6,female
509,6076,29.9,female
510,6000,30.1,female
511,6038,23.9,female
512,5972,33.6,female
513,5962,19.5,male
514,5952,33.6,female
515,5985,33.9,male
516,6016,24.0,male
517,6047,30.0,female
518,5983,23.8,male
519,5945,29.9,female
520,6069,30.0,male
521,5965,33.6,female
522,5955,33.7,male
523,6083,33.9,male
524,6017,34.0,male
525,6018,30.9,male
526,6119,33.6,male
527,6000,33.7,male
528,6114,24.1,female
529,6131,33.3,female
530,6061,24.2,female
531,6088,35.3,female
532,6102,33.8,male
533,6073,33.5,female
534,6101,23.8,male
535,6067,27.1,female
536,6056,35.6,female
537,6093,35.3,female
538,6153,24.4,female
539,5952,23.7,male
540,6174,30.0,female
541,6119,29.9,male
542,6011,23.8,female
543,6077,23.4,male
544,6048,24.5,male
545,6111,34.7,male
546,6194,30.6,female
547,6181,24.0,male
548,6177,30.2,male
549,6119,23.7,female
550,6073,29.6,female
551,6178,33.6,female
552,6149,34.0,female
553,6079,23.7,female
554,6097,28.2,male
555,6079,33.6,female
556,6183,35.4,female
557,6191,33.9,male
558,6252,30.4,male
559,6202,30.4,male
560,6208,30.7,female
561,6194,30.1,female
562,6136,33.5,female
563,6201,31.4,female
564,6312,29.4,female
565,6216,34.4,female
566,6186,30.1,male
567,6160,23.9,female
568,6215,34.7,female
569,6174,27.0,male
570,6237,30.0,female
571,6242,35.7,male
572,6163,23.7,female
573,6212,29.6,female
574,6208,34.1,female
575,6203,23.7,male
576,6253,30.4,male
577,6238,33.9,female
578,6200,29.1,male
579,6259,30.3,female
580,6251,23.6,female
581,6201,25.9,male
582,6253,30.4,female
583,6134,33.9,female
584,6255,24.0,female
585,6284,29.9,female
586,6305,30.5,female
587,6285,33.6,female
588,6246,35.0,female
589,6251,33.8,female
590,6351,24.0,female
591,6198,34.8,male
592,6328,30.5,female
593,6324,35.2,male
594,6296,23.6,female
595,6236,35.3,female
596,6201,24.0,female
597,6312,24.2,female
598,6292,24.2,female
599,6262,34.0,female
600,6385,29.5,male
601,6313,29.4,female
602,6360,30.5,female
603,6380,29.6,female
604,6309,24.2,female
605,6281,20.9,male
606,6250,23.8,male
607,6346,29.9,female
608,6332,34.3,female
609,6282,33.9,male
610,6237,23.7,male
611,6271,29.5,female
612,6352,23.3,male
613,6457,30.2,female
614,6294,23.7,female
615,6393,23.3,female
616,6385,29.7,female
617,6289,28.1,female
618,6256,30.3,female
619,6382,34.0,male
620,6358,23.6,female
621,6387,34.2,female
622,6330,24.5,male
623,6411,27.1,female
624,6397,33.9,male
625,6403,23.7,female
626,6455,23.5,male
627,6398,30.9,female
628,6317,24.2,female
629,6530,23.0,male
630,6247,33.9,female
631,6395,29.9,female
632,6415,30.0,female
633,6378,31.2,female
634,6406,24.3,female
635,6325,30.0,male
636,6373,23.3,male
637,6565,33.5,female
638,6437,23.3,male
639,6419,30.0,female
640,6370,30.0,male
641,6442,23.4,female
642,6472,30.7,female
643,6483,23.0,female
644,6490,29.8,male
645,6414,34.0,male
646,6557,34.1,female
647,6517,28.7,male
648,6482,34.0,male
649,6460,30.5,female
650,6585,30.0,female
651,6441,22.7,male
652,6503,23.2,female
653,6514,30.2,female
654,6499,29.8,female
655,6578,23.7,female
656,6457,33.6,female
657,6501,30.1,female
658,6555,23.2,male
659,6540,33.9,female
660,6545,23.0,female
661,6486,30.1,female
662,6582,29.7,female
663,6517,29.2,female
664,6505,30.0,female
665,6445,23.5,female
666,6529,34.3,female
667,6463,34.2,female
668,6600,29.9,male
669,6559,27.8,female
670,6585,23.3,male
671,6549,29.8,female
672,6664,34.4,female
673,6574,34.6,female
674,6566,23.4,female
675,6597,29.9,female
676,6669,22.9,male
677,6575,23.4,male
678,6610,27.7,female
679,6582,22.9,female
680,6657,22.9,female
681,6650,24.1,female
682,6615,33.9,female
683,6597,24.2,male
684,6654,22.9,female
685,6616,23.5,female
686,6729,27.5,male
687,6638,23.9,male
688,6678,27.1,female
689,6644,24.2,male
690,6673,23.3,male
691,6754,34.1,female
692,6710,27.4,male
693,6684,27.4,female
694,6632,24.3,female
695,6707,23.1,male
696,6631,29.8,female
697,6686,22.6,male
698,6720,27.5,female
699,6674,23.8,male
700,6740,34.0,male
701,6729,27.5,female
702,6715,34.1,male
703,6781,32.2,male
704,6768,23.5,male
705,6714,23.7,female
706,6653,22.9,female
707,6843,27.2,female
708,6734,23.3,female
709,6840,22.9,female
710,6830,22.8,male
711,6814,30.1,female
712,6686,22.6,female
713,6794,27.7,male
714,6772,34.1,female
715,6747,30.0,female
716,6852,22.6,male
717,6891,22.6,male
718,6804,23.0,female
719,6701,23.3,female
720,6824,23.7,male
721,6819,23.8,male
722,6757,27.0,female
723,6815,23.3,female
724,6786,27.3,female
725,6817,34.2,female
726,6824,34.3,female
727,6858,22.8,female
728,6897,23.2,female
729,6823,34.1,male
730,6792,23.0,female
731,6849,33.9,male
732,6817,24.1,female
733,6905,27.5,female
734,6898,27.3,female
735,6850,22.5,female
736,6860,27.3,male
737,6843,27.5,female
738,6980,26.8,male
739,6909,23.6,female
740,6879,22.4,female
741,7038,27.2,male
742,6983,23.2,male
743,6997,27.2,male
744,7002,34.1,male
745,6961,22.6,female
746,6946,27.1,male
747,6839,22.8,male
748,7052,34.2,female
749,6993,22.6,male
750,6980,27.4,female
751,6961,34.3,female
752,6972,27.8,female
753,7046,27.2,male
754,7069,23.2,female
755,7032,22.7,male
756,6958,23.5,female
757,6994,34.0,female
758,6940,23.3,male
759,7046,22.6,male
760,6995,23.3,female
761,6901,23.7,female
762,7089,23.3,male
763,7057,22.5,female
764,7091,27.3,male
765,7071,27.4,female
766,7182,23.8,female
767,7082,23.0,female
768,7160,23.3,female
769,7123,27.4,male
770,7162,23.7,female
771,7109,27.3,female
772,7102,23.1,female
773,7210,34.6,male
774,7167,22.5,male
775,7157,23.1,male
776,7148,25.5,male
777,7229,23.0,male
778,7130,23.2,female
779,7249,23.4,female
780,7178,34.2,female
781,7130,23.1,female
782,7240,28.4,female
783,7193,27.4,male
784,7142,34.2,male
785,7287,34.3,male
786,7303,23.0,female
787,7350,27.8,female
788,7266,22.4,male
789,7328,27.4,male
790,7280,28.8,female
791,7336,28.3,male
792,7293,28.6,female
793,7266,34.0,female
794,7310,22.8,female
795,7319,23.3,male
796,7255,23.3,female
797,7294,27.4,female
798,7331,23.0,male
799,7284,22.5,female
800,7309,28.5,male
801,7369,27.9,male
802,7363,24.5,female
803,7297,22.0,male
804,7339,31.3,female
805,7268,27.2,female
806,7333,34.1,female
807,7297,28.6,female
808,7382,34.7,male
809,7390,28.5,female
810,7417,34.4,male
811,7445,28.4,female
812,7351,28.6,male
813,7404,28.4,male
814,7351,20.4,female
815,7371,28.4,female
816,7454,34.3,female
817,7393,34.2,male
818,7443,28.5,male
819,7483,28.5,female
820,7445,23.2,female
821,7318,23.0,female
822,7364,28.8,female
823,7408,28.6,female
824,7343,22.5,female
825,7433,28.6,male
826,7419,28.8,female
827,7547,21.8,female
828,7404,27.6,female
829,7379,34.2,male
830,7371,27.6,female
831,7381,28.6,male
832,7376,27.4,female
833,7442,34.5,female
834,7415,22.9,male
835,7470,24.8,female
836,7508,34.0,female
837,7394,34.3,female
838,7373,23.3,female
839,7435,30.0,male
840,7436,29.1,female
841,7458,32.0,male
842,7450,34.3,male
843,7572,23.4,female
844,7480,23.1,female
845,7498,34.3,female
846,7500,28.5,female
847,7494,34.0,female
848,7462,22.5,male
849,7483,28.5,male
850,7536,28.3,male
851,7600,18.2,male
852,7525,34.4,male
853,7470,29.8,female
854,7537,23.3,male
855,7558,27.8,male
856,7496,34.1,female
857,7554,22.4,female
858,7510,23.6,male
859,7619,28.4,male
860,7565,28.4,female
861,7517,23.5,male
862,7599,28.9,female
863,7636,34.3,female
864,7569,28.4,female
865,7584,28.5,male
866,7563,28.0,female
867,7547,28.5,male
868,7510,22.5,female
869,7531,28.3,female
870,7501,27.7,male
871,7524,27.1,male
872,7642,20.4,male
873,7526,28.3,male
874,7558,23.2,male
875,7595,22.4,male
876,7624,27.5,female
877,7636,27.7,male
878,7593,34.2,female
879,7638,33.7,female
880,7634,27.6,male
881,7700,27.4,female
882,7635,34.1,male
883,7699,23.6,male
884,7703,23.3,female
885,7618,22.9,male
886,7548,27.7,male
887,7623,27.8,male
888,7744,27.6,male
889,7668,27.4,female
890,7683,28.3,female
891,7669,34.3,female
892,7700,35.1,female
893,7690,28.5,female
894,7708,23.5,male
895,7781,22.5,female
896,7655,28.4,female
897,7695,28.6,female
898,7725,27.5,female
899,7674,34.1,female
900,7727,23.2,male
901,7798,22.4,female
902,7693,22.5,female
903,7755,22.4,male
904,7867,27.4,male
905,7761,27.3,male
906,7870,23.1,male
907,7728,34.4,female
908,7769,26.9,female
909,7723,23.0,female
910,7779,22.9,female
911,7739,27.9,male
912,7800,34.5,male
913,7780,27.8,female
914,7783,28.5,female
915,7832,34.2,female
916,7819,23.0,female
917,7865,27.4,male
918,7821,23.6,male
919,7899,23.6,male
920,7934,22.8,male
921,7891,22.9,female
922,7968,22.5,male
923,7945,34.2,male
924,7938,27.3,male
925,7821,23.4,male
926,7934,23.3,male
927,7828,22.3,male
928,7926,28.6,male
929,7919,25.4,male
930,7934,23.4,female
931,8073,22.9,male
932,7923,34.1,female
933,7885,22.6,female
934,7944,27.4,male
935,7979,34.0,female
936,8026,22.3,female
937,8061,23.3,male
938,7968,33.9,female
939,7998,22.8,male
940,7970,22.6,female
941,8015,28.2,female
942,7967,27.1,male
943,8033,22.6,male
944,8018,23.4,male
945,7964,32.6,female
946,7925,22.6,male
947,8063,24.7,female
948,8062,22.4,female
949,7983,34.2,female
950,8081,22.9,male
951,8036,34.3,female
952,8034,34.1,male
953,8033,27.1,male
954,8049,23.4,female
955,8125,33.6,female
956,8052,22.6,female
957,8114,23.7,female
958,8126,22.6,female
959,8094,34.3,female
960,8120,27.4,male
961,8098,34.1,female
962,8070,23.3,female
963,8026,27.3,female
964,8177,23.9,male
965,8111,37.0,female
966,8123,34.1,male
967,8155,27.3,female
968,8127,23.7,male
969,8184,23.6,male
970,8148,23.4,male
971,8156,23.7,female
972,8186,23.1,male
973,8204,27.7,male
974,8108,33.6,female
975,8183,34.0,female
976,8138,22.8,male
977,8182,27.4,female
978,8233,29.9,female
979,8221,27.4,male
980,8130,24.7,male
981,8133,34.1,male
982,8123,27.6,female
983,8168,23.8,male
984,8244,22.8,male
985,8246,27.4,male
986,8289,23.8,male
987,8256,27.6,male
988,8271,34.5,female
989,8261,23.8,female
990,8228,22.7,female
991,8278,23.5,male
992,8212,27.2,male
993,8275,23.4,female
994,8191,23.4,female
995,8288,23.0,male
996,8226,34.4,male
997,8196,22.6,male
998,8343,23.5,male
999,8262,34.0,male
1000,8359,23.6,male
1001,8233,28.0,female
1002,8166,23.6,female
1003,8354,21.9,male
1004,8322,29.3,male
1005,8356,24.5,female
1006,8350,23.5,female
1007,8275,23.3,female
1008,8373,34.2,female
1009,8319,34.0,male
1010,8285,23.8,male
1011,8342,23.3,female
1012,8318,27.9,female
1013,8409,27.2,male
1014,8354,24.1,male
1015,8324,25.9,female
1016,8297,23.4,male
1017,8314,29.4,male
1018,8407,27.8,male
1019,8332,30.0,male
1020,8360,23.4,female
1021,8515,33.9,male
1022,8432,23.8,male
1023,8415,34.0,male
1024,8395,23.5,male
1025,8348,29.9,male
1026,8386,29.6,male
1027,8411,29.8,male
1028,8387,23.5,female
1029,8452,23.2,female
1030,8435,33.9,male
1031,8484,25.6,female
1032,8578,34.3,female
1033,8424,22.9,female
1034,8405,24.9,female
1035,8413,23.9,female
1036,8466,33.6,male
1037,8512,33.6,female
1038,8459,33.9,female
1039,8457,24.2,male
1040,8461,22.9,male
1041,8516,23.5,female
1042,8619,34.1,male
1043,8462,24.5,male
1044,8473,23.9,male
1045,8478,30.3,male
1046,8515,23.1,female
1047,8373,30.1,male
1048,8512,23.9,female
1049,8445,30.0,female
1050,8491,30.3,male
1051,8462,23.1,male
1052,8468,30.0,female
1053,8421,27.7,female
1054,8544,30.2,female
1055,8515,29.9,female
1056,8533,23.3,female
1057,8550,23.7,male
1058,8651,29.8,female
1059,8466,23.6,female
1060,8474,23.2,male
1061,8582,30.0,male
1062,8612,23.8,male
1063,8517,24.1,female
1064,8569,34.2,female
1065,8416,23.8,female
1066,8442,23.6,male
1067,8421,28.3,male
1068,8600,29.8,female
1069,8478,34.3,male
1070,8506,23.4,male
1071,8511,30.3,female
1072,8562,23.4,male
1073,8571,23.2,male
1074,8547,30.2,female
1075,8645,23.0,female
1076,8522,30.6,male
1077,8675,33.8,male
1078,8517,30.6,male
1079,8463,23.1,female
1080,8602,30.5,male
1081,8545,30.1,male
1082,8555,30.6,female
1083,8547,23.8,female
1084,8587,23.5,female
1085,8599,34.1,female
1086,8567,23.6,female
1087,8686,30.5,male
1088,8568,23.2,male
1089,8623,24.4,female
1090,8560,23.8,female
1091,8585,30.0,female
1092,8663,30.5,male
1093,8614,34.3,female
1094,8638,34.2,female
1095,8603,30.0,female
1096,8679,34.3,male
1097,8671,23.5,female
1098,8582,30.3,female
1099,8634,35.5,male
1100,8658,34.2,female
1101,8657,23.7,male
1102,8617,23.3,female
1103,8664,34.4,male
1104,8590,30.4,male
1105,8724,30.3,female
1106,8620,30.3,male
1107,8700,29.7,male
1108,8746,29.7,female
1109,8707,23.3,male
1110,8691,33.8,female
1111,8750,30.5,male
1112,8696,34.1,male
1113,8640,23.2,male
1114,8774,30.0,male
1115,8745,34.7,female
1116,8717,29.7,male
1117,8693,34.1,female
1118,8736,30.1,male
1119,8694,30.0,male
1120,8720,35.0,female
1121,8740,30.3,male
1122,8740,34.2,female
1123,8747,23.7,female
1124,8869,23.9,female
1125,8796,35.1,male
1126,8764,23.5,male
1127,8730,29.9,female
1128,8720,24.1,male
1129,8811,29.7,male
1130,8704,30.0,male
1131,8751,33.9,female
1132,8718,24.2,male
1133,8768,23.6,male
1134,8747,30.5,female
1135,8766,29.3,male
1136,8707,29.8,female
1137,8749,24.2,female
1138,8897,27.0,male
1139,8777,33.9,female
1140,8658,30.4,male
1141,8850,23.8,male
1142,8880,35.2,male
1143,8776,30.3,male
1144,8774,24.1,male
1145,8880,23.6,male
1146,8748,28.9,male
1147,8822,30.1,male
1148,8704,29.7,female
1149,8836,29.8,male
1150,8822,33.7,male
1151,8846,30.2,male
1152,8762,30.3,female
1153,8782,30.4,female
1154,8801,30.1,male
1155,8877,33.9,male
1156,8801,30.5,male
1157,8758,29.7,male
1158,8768,23.4,male
1159,8806,33.6,male
1160,8858,30.6,female
1161,8725,29.4,female
1162,8876,33.7,male
1163,8744,28.1,male
1164,8827,30.3,female
1165,8841,33.8,female
1166,8831,33.6,male
1167,8833,30.2,female
1168,8797,35.0,male
1169,8863,35.1,male
1170,8870,34.1,male
1171,8773,30.5,male
1172,8844,33.8,female
1173,8929,30.8,male
1174,8788,35.0,male
1175,8909,29.0,female
1176,8902,30.2,female
1177,8937,33.7,male
1178,8792,29.4,female
1179,8845,24.0,female
1180,8872,33.9,male
1181,8843,29.7,male
1182,8827,29.9,female
1183,8849,34.3,female
1184,8971,34.1,male
1185,8870,30.0,female
1186,8891,24.0,male
1187,8946,33.5,female
1188,8911,24.4,female
1189,8945,30.6,female
1190,8885,35.1,female
1191,8938,30.1,male
1192,8896,30.1,male
1193,8806,35.0,female
1194,8908,33.8,female
1195,8962,33.5,female
1196,8909,30.1,male
1197,8963,23.8,male
1198,8943,30.3,male
1199,8990,29.9,female
1200,8927,30.5,male
1201,8963,35.8,female
1202,8981,29.9,male
1203,9011,33.7,male
1204,8872,34.9,female
1205,8899,29.6,female
1206,8971,24.5,female
1207,8996,33.5,male
1208,9075,23.8,female
1209,8984,23.8,male
1210,9023,30.4,female
1211,8970,30.2,male
1212,8966,35.2,male
1213,8959,34.1,female
1214,8975,23.8,male
1215,9049,23.7,male
1216,8974,34.2,male
1217,8951,30.1,male
1218,8933,23.8,female
1219,8947,35.4,female
1220,9002,23.9,female
1221,9054,23.9,male
1222,8891,23.8,male
1223,8986,30.0,female
1224,8989,35.1,male
1225,9057,35.1,male
1226,9050,23.9,male
1227,9023,24.0,female
1228,9092,33.4,female
1229,9070,34.0,female
1230,9083,30.0,male
1231,9015,23.6,female
1232,9063,33.5,male
1233,9087,33.7,female
1234,8983,33.7,male
1235,9112,23.7,female
1236,9091,33.7,male
1237,9087,33.2,male
1238,9078,23.9,male
1239,9109,33.5,male
1240,9163,24.1,female
1241,9092,35.6,female
1242,9091,33.6,male
1243,9103,34.0,male
1244,9167,23.3,female
1245,9181,35.8,male
1246,9075,24.0,male
1247,9114,35.4,female
1248,9118,33.5,female
1249,9127,33.5,male
1250,9179,33.5,male
1251,9188,33.7,female
1252,9123,36.0,female
1253,9125,33.6,male
1254,9170,33.4,male
1255,9189,23.8,female
1256,9166,23.2,female
1257,9164,24.1,female
1258,9211,23.8,male
1259,9131,33.7,female
1260,9180,33.6,male
1261,9150,35.7,male
1262,9209,34.1,male
1263,9132,35.5,female
1264,9200,33.2,male
1265,9187,33.4,female
1266,9201,33.2,female
1267,9231,24.3,female
1268,9206,33.7,male
1269,9185,35.2,female
1270,9159,22.9,male
1271,9229,33.4,male
1272,9301,36.0,male
1273,9350,24.3,male
1274,9235,33.5,male
1275,9300,33.4,male
1276,9284,24.2,female
1277,9298,35.7,female
1278,9250,23.8,male
1279,9356,35.9,male
1280,9259,24.5,female
1281,9288,33.6,male
1282,9321,33.2,male
1283,9273,33.2,male
1284,9331,35.7,male
1285,9272,33.4,female
1286,9385,33.4,female
1287,9308,23.9,male
1288,9415,32.8,male
1289,9372,24.2,female
1290,9331,24.1,female
1291,9383,27.5,female
1292,9303,24.1,male
1293,9383,32.9,female
1294,9358,35.7,male
1295,9331,24.4,male
1296,9417,33.4,female
1297,9353,36.0,male
1298,9357,24.3,male
1299,9420,32.9,male
1300,9394,23.8,male
1301,9378,33.0,female
1302,9456,33.2,male
1303,9418,27.2,male
1304,9475,28.0,male
1305,9384,31.6,female
1306,9505,27.2,female
1307,9391,35.7,male
1308,9506,27.3,male
1309,9399,24.4,male
1310,9402,32.5,female
1311,9483,24.0,male
1312,9527,33.0,female
1313,9502,27.5,female
1314,9497,33.3,male
1315,9475,33.6,male
1316,9514,35.8,male
1317,9554,33.1,male
1318,9530,27.5,male
1319,9464,33.1,male
1320,9495,24.3,male
1321,9539,33.1,female
1322,9533,24.6,male
1323,9557,27.9,female
1324,9543,28.0,female
1325,9620,35.7,male
1326,9536,33.3,male
1327,9523,28.9,male
1328,9604,33.2,female
1329,9558,28.4,male
1330,9597,24.4,male
1331,9667,29.1,male
1332,9562,27.8,female
1333,9599,27.5,male
1334,9567,24.0,male
1335,9457,33.1,male
1336,9552,32.9,male
1337,9609,33.1,female
1338,9576,27.3,male
1339,9530,33.0,male
1340,9612,28.8,female
1341,9586,24.4,male
1342,9711,35.8,female
1343,9589,24.6,male
1344,9589,27.7,male
1345,9637,24.8,male
1346,9709,35.7,male
1347,9563,24.3,female
1348,9632,28.1,male
1349,9594,27.0,male
1350,9757,25.4,female
1351,9562,34.2,male
1352,9615,32.7,female
1353,9644,35.7,male
1354,9643,33.1,male
1355,9665,27.4,female
1356,9690,33.4,female
1357,9717,29.6,male
1358,9684,33.0,male
1359,9727,24.9,female
1360,9690,27.6,male
1361,9737,29.7,male
1362,9702,28.8,female
1363,9804,32.7,female
1364,9753,24.6,male
1365,9729,33.2,male
1366,9737,26.6,male
1367,9763,27.5,male
1368,9768,24.8,male
1369,9690,28.5,female
1370,9791,33.5,male
1371,9763,24.6,female
1372,9759,28.3,female
1373,9752,33.0,male
1374,9761,33.4,male
1375,9770,33.4,female
1376,9794,25.1,male
1377,9809,26.6,male
1378,9796,32.5,male
1379,9745,30.5,female
1380,9690,27.2,female
1381,9783,33.5,male
1382,9761,28.9,male
1383,9865,29.2,male
1384,9750,26.9,male
1385,9843,35.6,female
1386,9832,32.7,male
1387,9780,29.2,male
1388,9828,29.3,male
1389,9792,33.1,female
1390,9697,28.7,male
1391,9863,24.9,female
1392,9804,24.0,female
1393,9884,24.3,male
1394,9827,27.0,male
1395,9900,33.6,female
1396,9838,32.5,male
1397,9791,27.1,male
1398,9866,33.3,male
1399,9837,35.7,female
1400,9875,26.6,female
1401,9764,26.0,male
1402,9906,25.1,male
1403,9824,32.6,male
1404,9826,35.8,female
1405,9909,28.9,female
1406,9939,33.6,male
1407,9789,35.5,male
1408,9772,24.5,male
1409,9880,27.1,male
1410,9889,26.4,male
1411,9815,29.0,male
1412,9925,26.9,male
1413,9903,25.5,female
1414,9914,24.7,female
1415,9868,32.2,male
1416,9939,32.5,male
1417,9955,35.4,female
1418,9938,31.9,male
1419,9908,24.9,female
1420,9951,25.4,male
1421,9963,26.8,female
1422,9887,25.4,female
1423,9892,27.5,female
1424,10003,29.2,male
1425,9950,35.2,female
1426,9918,26.8,female
1427,9959,33.3,male
1428,9950,32.4,female
1429,9898,35.6,male
1430,9952,34.1,male
1431,9872,28.7,male
1432,9904,28.4,female
1433,9886,29.7,male
1434,9838,35.6,female
1435,9986,26.6,female
1436,10053,35.4,female
1437,10039,29.2,male
1438,9977,31.8,male
1439,10011,35.0,male
1440,9848,27.8,male
1441,9970,29.5,female
1442,9958,27.7,female
1443,9993,24.6,male
1444,10026,29.5,female
1445,9936,34.5,male
1446,9995,26.5,female
1447,10057,34.3,female
1448,10056,35.2,male
1449,10036,32.6,male
1450,9981,25.4,male
1451,10033,25.3,male
1452,10080,32.2,male
1453,10092,32.6,female
1454,9980,26.4,male
1455,10084,33.6,male
1456,10085,32.2,male
1457,9986,25.3,female
1458,10134,34.7,male
1459,10095,33.8,female
1460,10067,35.5,male
1461,10038,25.0,male
1462,10179,25.6,male
1463,10118,33.9,male
1464,10115,25.2,female
1465,10112,25.3,male
1466,10094,24.7,male
1467,10172,31.8,male
1468,10095,34.3,female
1469,10100,25.2,male
1470,10123,34.6,male
1471,10172,25.7,female
1472,10144,26.2,male
1473,10053,29.6,female
1474,10116,35.2,male
1475,10124,34.9,male
1476,10104,32.1,male
1477,10170,29.5,male
1478,10180,25.5,male
1479,10205,25.0,male
1480,10148,29.7,female
1481,10097,35.2,male
1482,10103,32.8,male
1483,10139,34.4,male
1484,10193,32.2,female
1485,10093,34.8,male
1486,10174,26.0,male
1487,10146,34.8,male
1488,10158,25.2,male
1489,10098,32.1,male
1490,10086,26.6,female
1491,10159,32.4,male
1492,10238,34.8,male
1493,10154,33.7,female
1494,10211,30.1,male
1495,10158,25.5,female
1496,10163,34.2,male
1497,10203,34.8,male
1498,10216,26.2,male
1499,10133,35.3,female
1500,10312,31.2,male
1501,10159,26.2,female
1502,10160,25.3,male
1503,10243,26.1,male
1504,10158,26.0,female
1505,10285,25.7,male
1506,10092,25.1,male
1507,10255,25.4,female
1508,10169,33.9,male
1509,10206,34.0,male
1510,10188,34.1,male
1511,10241,30.1,female
1512,10203,34.1,female
1513,10359,31.2,male
1514,10228,26.0,male
1515,10347,29.9,male
1516,10391,26.2,male
1517,10304,26.0,male
1518,10284,26.1,male
1519,10312,35.2,female
1520,10256,34.3,male
1521,10420,31.7,male
1522,10323,25.9,male
1523,10367,22.6,male
1524,10315,25.7,female
1525,10321,25.9,male
1526,10422,27.0,male
1527,10376,26.7,male
1528,10289,30.7,male
1529,10306,26.1,male
1530,10369,31.5,male
1531,10350,31.5,male
1532,10252,34.6,male
1533,10304,31.8,male
1534,10436,26.7,male
1535,10328,34.6,male
1536,10294,30.1,female
1537,10447,30.1,male
1538,10429,26.5,male
1539,10344,31.2,male
1540,10367,25.8,male
1541,10350,30.1,male
1542,10358,31.4,male
1543,10438,25.8,male
1544,10353,35.0,male
1545,10328,30.0,female
1546,10388,30.7,female
1547,10336,25.8,male
1548,10424,25.9,male
1549,10436,25.5,male
1550,10481,25.8,male
1551,10529,30.9,male
1552,10439,30.1,male
1553,10411,26.3,male
1554,10460,31.5,male
1555,10404,25.8,male
1556,10465,26.6,male
1557,10454,22.4,male
1558,10443,26.0,male
1559,10408,30.3,female
1560,10468,25.9,male
1561,10512,30.7,male
1562,10593,30.1,male
1563,10429,25.8,female
1564,10494,26.1,male
1565,10604,30.2,male
1566,10627,29.9,female
1567,10477,26.5,male
1568,10458,30.8,male
1569,10529,27.5,male
1570,10477,25.8,male
1571,10478,26.0,male
1572,10548,27.9,male
1573,10474,27.9,male
1574,10472,26.5,female
1575,10518,26.7,male
1576,10536,26.5,female
1577,10604,27.2,male
1578,10483,29.9,male
1579,10579,30.9,male
1580,10561,30.3,male
1581,10590,30.8,male
1582,10562,26.6,male
1583,10513,26.6,female
1584,10539,27.2,male
1585,10592,26.8,female
1586,10607,30.9,female
1587,10628,28.2,male
1588,10562,30.9,female
1589,10560,31.1,male
1590,10597,27.2,male
1591,10525,31.1,male
1592,10637,27.1,male
1593,10644,28.7,male
1594,10591,29.9,male
1595,10661,26.2,female
1596,10521,30.6,male
1597,10617,27.1,female
1598,10713,29.0,female
1599,10650,29.6,male
1600,10629,29.9,female
1601,10671,27.7,male
1602,10695,25.8,male
1603,10663,27.7,male
1604,10664,26.8,male
1605,10714,25.8,female
1606,10705,29.6,male
1607,10704,30.2,male
1608,10694,25.9,male
1609,10707,27.3,male
1610,10666,30.6,female
1611,10633,30.0,female
1612,10599,27.0,male
1613,10608,27.4,male
1614,10721,30.0,female
1615,10668,31.1,male
1616,10736,23.3,female
1617,10706,28.1,male
1618,10706,30.3,male
1619,10763,27.9,female
1620,10809,27.8,male
1621,10819,28.7,male
1622,10751,33.0,female
1623,10762,28.4,male
1624,10696,27.9,male
1625,10722,28.8,male
1626,10771,27.3,female
1627,10797,28.9,male
1628,10778,29.6,male
1629,10725,28.6,female
1630,10818,27.8,male
1631,10844,27.2,male
1632,10768,29.5,male
1633,10872,25.6,male
1634,10762,28.0,male
1635,10792,27.9,male
1636,10822,29.4,female
1637,10792,28.5,male
1638,10798,34.3,male
1639,10826,27.6,male
1640,10934,25.8,male
1641,10763,27.8,male
1642,10816,26.0,male
1643,10762,28.8,female
1644,10833,28.6,female
1645,10832,28.5,male
1646,10805,29.5,male
1647,10794,28.7,male
1648,10784,25.0,male
1649,10838,28.4,female
1650,10894,30.8,female
1651,10806,28.4,male
1652,10754,27.4,male
1653,10884,30.3,male
1654,10905,29.9,female
1655,10842,28.4,male
1656,10764,28.6,female
1657,10906,30.5,male
1658,10863,30.0,male
1659,10884,30.6,male
1660,10783,29.0,male
1661,10983,26.0,male
1662,10900,28.3,male
1663,10794,29.9,male
1664,10900,27.7,female
1665,10930,25.4,female
1666,11025,30.3,female
1667,10802,30.2,female
1668,10958,30.1,male
1669,10960,25.6,female
1670,11030,29.2,male
1671,11026,29.0,male
1672,11131,30.4,male
1673,11058,28.7,male
1674,11039,25.9,male
1675,11142,25.7,male
1676,11066,30.3,female
1677,11071,29.2,male
1678,11277,30.1,male
1679,11257,26.0,male
1680,11255,30.1,female
1681,11144,30.3,female
1682,11332,30.1,male
1683,11240,25.9,male
1684,11350,26.0,male
1685,11290,29.9,male
1686,11382,25.8,female
1687,11339,25.7,male
1688,11333,25.8,male
1689,11398,25.8,male
1690,11398,30.1,female
1691,11367,30.2,male
1692,11380,15.0,male
1693,11426,25.5,male
1694,11438,29.9,male
1695,11471,29.9,male
1696,11455,26.0,male
1697,11387,25.9,female
1698,11549,29.5,male
1699,11444,30.2,female
1700,11507,26.0,male
1701,11499,26.0,female
1702,11659,26.8,male
1703,11558,30.1,male
1704,11592,29.5,female
1705,11593,29.9,female
1706,11553,30.1,male
1707,11600,26.0,male
1708,11673,26.2,male
1709,11619,29.9,female
1710,11652,29.9,female
1711,11866,29.5,female
1712,11762,29.9,male
1713,11825,29.9,male
1714,11846,26.5,female
1715,11832,28.9,male
1716,11907,26.1,male
1717,11852,26.5,female
1718,11850,29.6,male
1719,11857,26.7,male
1720,11957,38.6,male
1721,11927,29.3,female
1722,11893,29.2,female
1723,11939,25.8,male
1724,11870,29.8,male
1725,12025,26.7,male
1726,11963,26.5,male
1727,11945,29.3,male
1728,12016,29.6,male
1729,12003,26.5,male
1730,11949,29.3,male
1731,12020,31.8,male
1732,11922,29.6,male
1733,12059,26.1,male
1734,12060,28.9,male
1735,12116,28.6,male
1736,12069,29.4,male
1737,12102,26.6,male
1738,12131,27.0,male
1739,12168,26.8,male
1740,12109,26.9,male
1741,12105,29.9,female
1742,12148,29.6,male
1743,12154,28.9,female
1744,12198,27.3,female
1745,12145,26.4,male
1746,12118,28.6,male
1747,12075,26.8,male
1748,12065,28.6,male
1749,12097,29.2,female
1750,12175,26.7,male
1751,12174,27.9,male
1752,12281,27.2,female
1753,12242,27.1,female
1754,12252,29.0,female
1755,12172,27.3,male
1756,12264,28.2,female
1757,12251,28.9,female
1758,12227,30.3,male
1759,12279,28.1,female
1760,12232,28.0,male
1761,12264,17.8,female
1762,12287,27.0,female
1763,12238,27.4,female
1764,12309,27.6,female
1765,12216,27.2,male
1766,12294,28.1,female
1767,12234,28.4,female
1768,12337,28.7,female
1769,12259,27.8,female
1770,12376,29.0,female
1771,12293,37.1,female
1772,12387,27.0,female
1773,12308,28.3,female
1774,12383,27.6,female
1775,12396,28.0,female
1776,12379,27.1,female
1777,12485,28.7,female
1778,12517,29.7,female
1779,12575,32.5,female
1780,12646,37.8,female
1781,13245,33.4,female
1782,13263,26.9,female
1783,13661,26.2,female
1784,14240,31.8,female
1785,14646,26.7,female
1786,15000,27.5,female
